{
  "projectList": [
    {
      "id": 0,
      "TaskID": "001",
      "ProjectID": "000",
      "WorkPackageID": "001",
      "Title": "EXO Office",
      "Description": "BMS Application",
      "Priority": "1",
      "TaskType": "Coding",
      "EffortToComplete": "20:00",
      "StartDate": "2025-03-12",
      "EndDate": "2025-10-20",
      "TaskStatus": "WIP",
      "IsFinished": "false",
      "CreatedDate": "2025-01-05",
      "IsDelete": "false"
    },
    {
      "id": 1,
      "TaskID": "001",
      "ProjectID": "001",
      "WorkPackageID": "001",
      "Title": "EXO Office",
      "Description": "BMS Application",
      "Priority": "1",
      "TaskType": "Coding",
      "EffortToComplete": "20:00",
      "StartDate": "2025-03-12",
      "EndDate": "2025-10-20",
      "TaskStatus": "WIP",
      "IsFinished": "false",
      "CreatedDate": "2025-01-05",
      "IsDelete": "false"
    },
    {
      "id": 2,
      "TaskID": "002",
      "ProjectID": "002",
      "WorkPackageID": "002",
      "Title": "Office Upgrade",
      "Description": "Upgrade Office Network Infrastructure",
      "Priority": "2",
      "TaskType": "Networking",
      "EffortToComplete": "15:00",
      "StartDate": "2025-04-01",
      "EndDate": "2025-06-30",
      "TaskStatus": "Pending",
      "IsFinished": "false",
      "CreatedDate": "2025-02-15",
      "IsDelete": "false"
    },
    {
      "id": 3,
      "TaskID": "003",
      "ProjectID": "003",
      "WorkPackageID": "003",
      "Title": "Mobile App Development",
      "Description": "Develop the new mobile app for internal communication",
      "Priority": "3",
      "TaskType": "Development",
      "EffortToComplete": "50:00",
      "StartDate": "2025-05-01",
      "EndDate": "2025-12-01",
      "TaskStatus": "WIP",
      "IsFinished": "false",
      "CreatedDate": "2025-03-10",
      "IsDelete": "false"
    },
    {
      "id": 4,
      "TaskID": "004",
      "ProjectID": "004",
      "WorkPackageID": "004",
      "Title": "Data Migration",
      "Description": "Migrate data from legacy system to new platform",
      "Priority": "1",
      "TaskType": "Data Migration",
      "EffortToComplete": "100:00",
      "StartDate": "2025-06-01",
      "EndDate": "2025-09-15",
      "TaskStatus": "Completed",
      "IsFinished": "true",
      "CreatedDate": "2025-03-25",
      "IsDelete": "false"
    },
    {
      "id": 5,
      "TaskID": "005",
      "ProjectID": "005",
      "WorkPackageID": "005",
      "Title": "Website Redesign",
      "Description": "Redesign the company's website to enhance UX/UI",
      "Priority": "2",
      "TaskType": "Design",
      "EffortToComplete": "30:00",
      "StartDate": "2025-07-01",
      "EndDate": "2025-11-01",
      "TaskStatus": "Pending",
      "IsFinished": "false",
      "CreatedDate": "2025-04-01",
      "IsDelete": "false"
    }   
  ],
  "taskList":[{

  }]
}